Name,Email,Gender
Eldon Dandison,edandison0@stanford.edu,Male
Ara Targe,atarge1@tinyurl.com,Female
Cullie Fruish,cfruish2@wikipedia.org,Male
Masha Habbergham,mhabbergham3@google.com,Female
Moira Kohn,mkohn4@auda.org.au,Female
Herc Ivantyev,hivantyev5@surveymonkey.com,Male
Mercedes Flieger,mflieger6@bizjournals.com,Bigender
Bastien Chartman,bchartman7@hc360.com,Male
Cindie Kerley,ckerley8@hao123.com,Female
Issy Janas,ijanas9@ft.com,Female
Harv Gait,hgaita@sina.com.cn,Agender
Em Shaw,eshawb@tumblr.com,Male
Maggee Edds,meddsc@google.ru,Female
Torin Fowlston,tfowlstond@ucoz.ru,Polygender
Gerianne Oslar,goslare@who.int,Female
Ernestus Brewer,ebrewerf@guardian.co.uk,Male
Amara Gorry,agorryg@lulu.com,Female
Northrop Coils,ncoilsh@hexun.com,Male
Tana Harnett,tharnetti@eepurl.com,Female
Tiffy Melsome,tmelsomej@vinaora.com,Female
Glory Gillingham,ggillinghamk@scientificamerican.com,Agender
Karlen Baughen,kbaughenl@sciencedirect.com,Female
Amandy Deveraux,adeverauxm@earthlink.net,Agender
Feodora Merington,fmeringtonn@weibo.com,Female
Quintus Rushworth,qrushwortho@shutterfly.com,Male
Helaina Rogans,hrogansp@reverbnation.com,Female
Jehu Piercy,jpiercyq@goo.gl,Male
Torrie Buxton,tbuxtonr@csmonitor.com,Female
Dag Radborne,dradbornes@tripadvisor.com,Male
Iggie Bonnaire,ibonnairet@whitehouse.gov,Male
Hayward Aykroyd,haykroydu@domainmarket.com,Male
Bernete O'Scully,boscullyv@domainmarket.com,Female
Isa Haggarty,ihaggartyw@yahoo.com,Female
Tedd Olyunin,tolyuninx@mozilla.org,Male
Salim Traviss,stravissy@netlog.com,Male
Pierre Runnacles,prunnaclesz@redcross.org,Male
Daune Longfoot,dlongfoot10@behance.net,Female
Diena Daouze,ddaouze11@themeforest.net,Female
Allayne Cruikshanks,acruikshanks12@liveinternet.ru,Male
Bone Wontner,bwontner13@soundcloud.com,Male
Carree Butters,cbutters14@independent.co.uk,Female
Cleavland Tappor,ctappor15@unblog.fr,Male
Odie Battrick,obattrick16@pinterest.com,Male
Donnie Gildersleeve,dgildersleeve17@is.gd,Female
Nonna Leece,nleece18@feedburner.com,Female
Ody Reven,oreven19@tuttocitta.it,Male
Rossie Mowling,rmowling1a@artisteer.com,Male
Aldwin Agett,aagett1b@spotify.com,Male
Gracie Stonebanks,gstonebanks1c@lulu.com,Female
Phaidra Weatherhill,pweatherhill1d@tripadvisor.com,Female
Margy MacTeague,mmacteague1e@irs.gov,Female
Lusa Carlill,lcarlill1f@dell.com,Female
Reine Topley,rtopley1g@ning.com,Female
Darnall Brahams,dbrahams1h@rambler.ru,Male
Antonius Flint,aflint1i@tamu.edu,Male
Hashim Dufaire,hdufaire1j@deviantart.com,Male
Maegan Render,mrender1k@un.org,Bigender
Nichole Kix,nkix1l@ox.ac.uk,Male
Wit Gilmartin,wgilmartin1m@unicef.org,Male
Nissa Cuttelar,ncuttelar1n@bloglines.com,Female
Gabriella Corselles,gcorselles1o@blogs.com,Female
Richmond Sheere,rsheere1p@nih.gov,Male
Gerda Suttaby,gsuttaby1q@bing.com,Female
Mikael Reyner,mreyner1r@google.com.au,Male
Hyatt Mingaye,hmingaye1s@whitehouse.gov,Male
Meredith Worsell,mworsell1t@behance.net,Genderfluid
Toni Brimmacombe,tbrimmacombe1u@squarespace.com,Female
Roxanna Stolte,rstolte1v@nps.gov,Female
Yoko O'Currane,yocurrane1w@admin.ch,Female
Natalina Syder,nsyder1x@pcworld.com,Female
Tamarra Darey,tdarey1y@google.co.jp,Female
Curr Montague,cmontague1z@topsy.com,Agender
Nichole Sparhawk,nsparhawk20@answers.com,Non-binary
Leonidas Eilhart,leilhart21@rambler.ru,Male
Wright Agates,wagates22@yahoo.com,Male
Amerigo Coaster,acoaster23@salon.com,Male
Culley Pleuman,cpleuman24@oracle.com,Male
Melva Bolderson,mbolderson25@dailymail.co.uk,Genderqueer
Yuri Dumke,ydumke26@wsj.com,Male
Pennie Lukesch,plukesch27@wired.com,Male
Alastair Lebbern,alebbern28@wp.com,Male
Skip Daudray,sdaudray29@vinaora.com,Male
Avril McNeachtain,amcneachtain2a@g.co,Female
Lindsey But,lbut2b@cdbaby.com,Male
Jessee Labba,jlabba2c@irs.gov,Male
Ivor Castillou,icastillou2d@1und1.de,Male
Margette Stillwell,mstillwell2e@fc2.com,Female
Veronica Geillier,vgeillier2f@wordpress.com,Female
Grove Willers,gwillers2g@meetup.com,Male
Conway Geaveny,cgeaveny2h@mac.com,Male
Betteann Roberds,broberds2i@homestead.com,Female
Bryn Slack,bslack2j@imdb.com,Male
Audre Chance,achance2k@domainmarket.com,Female
Robbie Hallows,rhallows2l@sun.com,Female
Brendon Seath,bseath2m@prnewswire.com,Male
Valentino Fosberry,vfosberry2n@princeton.edu,Male
Alisander Streatley,astreatley2o@mozilla.org,Male
Anatol Messitt,amessitt2p@princeton.edu,Male
Florian Zold,fzold2q@123-reg.co.uk,Male
Sheelagh Jacobsz,sjacobsz2r@disqus.com,Female
Kelci Northley,knorthley2s@pagesperso-orange.fr,Female
Mal Cakes,mcakes2t@dailymail.co.uk,Male
Tabbatha Farley,tfarley2u@123-reg.co.uk,Female
Skipper Dressel,sdressel2v@china.com.cn,Male
Giselbert Fosserd,gfosserd2w@infoseek.co.jp,Male
Robin Banister,rbanister2x@addtoany.com,Female
Hulda Arnell,harnell2y@myspace.com,Female
Roger Swinburne,rswinburne2z@reuters.com,Male
Lydon Ead,lead30@dell.com,Male
Abbey Manifold,amanifold31@home.pl,Female
Arney Antyukhin,aantyukhin32@purevolume.com,Male
Innis Pledger,ipledger33@pbs.org,Male
Dale Greenhough,dgreenhough34@marriott.com,Male
Dwayne Agius,dagius35@usa.gov,Male
Cleavland Marzelo,cmarzelo36@bloomberg.com,Male
Maggie Jacobson,mjacobson37@shareasale.com,Agender
Allene Rozalski,arozalski38@example.com,Female
Carilyn Vanyutin,cvanyutin39@hc360.com,Female
Rik Sarney,rsarney3a@facebook.com,Male
Mathilda Treend,mtreend3b@cnet.com,Female
Cobbie Picford,cpicford3c@cnbc.com,Male
Barnaby Devinn,bdevinn3d@toplist.cz,Male
Jeffry Humbatch,jhumbatch3e@behance.net,Male
Alameda Dunabie,adunabie3f@gnu.org,Genderfluid
Becka Ginity,bginity3g@google.es,Female
Kassey Dunmuir,kdunmuir3h@forbes.com,Female
Eben Marvell,emarvell3i@altervista.org,Male
Maris Girodias,mgirodias3j@mac.com,Genderfluid
Gris Klainer,gklainer3k@prlog.org,Male
Tyson Lawling,tlawling3l@cdc.gov,Male
Kamilah Baglin,kbaglin3m@home.pl,Female
Shurwood Durand,sdurand3n@ucoz.ru,Male
Melisandra Rhodus,mrhodus3o@eepurl.com,Female
Ariel Lindwasser,alindwasser3p@thetimes.co.uk,Male
Maybelle Sonley,msonley3q@pagesperso-orange.fr,Female
Alfy Kollaschek,akollaschek3r@mac.com,Female
Renault Pinching,rpinching3s@ucoz.ru,Male
Sheilah Najara,snajara3t@patch.com,Female
Toby Calender,tcalender3u@ning.com,Male
Carline Siemantel,csiemantel3v@google.pl,Female
Stanislaus Snare,ssnare3w@deviantart.com,Polygender
Aurie Crewther,acrewther3x@cisco.com,Female
Matty Grigorian,mgrigorian3y@elegantthemes.com,Female
Eula Roofe,eroofe3z@cyberchimps.com,Female
Myron Venney,mvenney40@discuz.net,Male
Giffer Springate,gspringate41@google.pl,Male
Karine Dyball,kdyball42@bandcamp.com,Female
Madlen Siddall,msiddall43@comsenz.com,Female
Enrichetta Stennings,estennings44@marketwatch.com,Female
Justus Devoy,jdevoy45@ustream.tv,Male
Francoise Vurley,fvurley46@ca.gov,Polygender
Norrie Stormont,nstormont47@europa.eu,Female
Tuck Arnholdt,tarnholdt48@google.pl,Male
Glynis Witcherley,gwitcherley49@istockphoto.com,Female
Greg Parramore,gparramore4a@mysql.com,Male
Wat McBean,wmcbean4b@washingtonpost.com,Male
Cal Strewther,cstrewther4c@vinaora.com,Polygender
Tadd Gieraths,tgieraths4d@amazon.de,Male
Walker Mogie,wmogie4e@craigslist.org,Male
Richardo MacDuffie,rmacduffie4f@ca.gov,Male
Kipp Ailsbury,kailsbury4g@blinklist.com,Female
Charita Loch,cloch4h@businessinsider.com,Female
Phebe Solleme,psolleme4i@desdev.cn,Female
Alyss Mowen,amowen4j@arizona.edu,Bigender
Franciska Harmon,fharmon4k@pen.io,Female
Cristina Matzkaitis,cmatzkaitis4l@examiner.com,Female
Morena Fall,mfall4m@va.gov,Female
Niccolo Derham,nderham4n@sohu.com,Male
Rosella Smidmor,rsmidmor4o@mtv.com,Female
Malena Canape,mcanape4p@merriam-webster.com,Female
Jerrome Jori,jjori4q@yellowpages.com,Male
Joshia Duffill,jduffill4r@auda.org.au,Male
Hesther Boud,hboud4s@flickr.com,Bigender
Derron Januszewicz,djanuszewicz4t@infoseek.co.jp,Male
Shellie Maffioletti,smaffioletti4u@edublogs.org,Female
Justina Phelit,jphelit4v@unesco.org,Female
Falito Clifford,fclifford4w@cnbc.com,Male
Bradley Burdekin,bburdekin4x@topsy.com,Bigender
Aharon Mobley,amobley4y@printfriendly.com,Male
Callida Townson,ctownson4z@desdev.cn,Female
Olly Van Brug,ovan50@geocities.jp,Female
Kerry Kirsz,kkirsz51@example.com,Male
Wendall Whitcombe,wwhitcombe52@homestead.com,Male
Odell Phare,ophare53@google.pl,Male
Jarrod Skittrall,jskittrall54@ted.com,Genderqueer
Emmerich Goford,egoford55@shareasale.com,Male
Lula Iscowitz,liscowitz56@nature.com,Female
Kattie Godrich,kgodrich57@dot.gov,Female
Gunilla Iglesia,giglesia58@phpbb.com,Female
Elset Kilbourne,ekilbourne59@squidoo.com,Female
Ros Saura,rsaura5a@phoca.cz,Female
Kelvin Gamage,kgamage5b@macromedia.com,Male
Corenda Gomme,cgomme5c@google.cn,Agender
Marne Pester,mpester5d@wordpress.com,Female
Filide Redparth,fredparth5e@qq.com,Female
Maighdiln Dineen,mdineen5f@aboutads.info,Female
Bobby Zimmer,bzimmer5g@scientificamerican.com,Polygender
Jacquette Phillipp,jphillipp5h@newyorker.com,Female
